{
 "Files" : [
  {
   "Path" : "C:/Users/chunxiang/Desktop/V1.9.8.01/Gowin_FOC_Current_Loop_Control_TDM/Gowin_FOC_Current_Loop_Control_TDM_RefDesign/project/foc_current_loop_control/src/Ia_prom.v",
   "Type" : "verilog"
  },
  {
   "Path" : "C:/Users/chunxiang/Desktop/V1.9.8.01/Gowin_FOC_Current_Loop_Control_TDM/Gowin_FOC_Current_Loop_Control_TDM_RefDesign/project/foc_current_loop_control/src/Ib_prom.v",
   "Type" : "verilog"
  },
  {
   "Path" : "C:/Users/chunxiang/Desktop/V1.9.8.01/Gowin_FOC_Current_Loop_Control_TDM/Gowin_FOC_Current_Loop_Control_TDM_RefDesign/project/foc_current_loop_control/src/Theta_prom.v",
   "Type" : "verilog"
  },
  {
   "Path" : "C:/Users/chunxiang/Desktop/V1.9.8.01/Gowin_FOC_Current_Loop_Control_TDM/Gowin_FOC_Current_Loop_Control_TDM_RefDesign/project/foc_current_loop_control/src/cordic_top.v",
   "Type" : "verilog"
  },
  {
   "Path" : "C:/Users/chunxiang/Desktop/V1.9.8.01/Gowin_FOC_Current_Loop_Control_TDM/Gowin_FOC_Current_Loop_Control_TDM_RefDesign/project/foc_current_loop_control/src/foc_current_loop_control_tdm/foc_current_loop_control_tdm.v",
   "Type" : "verilog"
  },
  {
   "Path" : "C:/Users/chunxiang/Desktop/V1.9.8.01/Gowin_FOC_Current_Loop_Control_TDM/Gowin_FOC_Current_Loop_Control_TDM_RefDesign/project/foc_current_loop_control/src/top.v",
   "Type" : "verilog"
  }
 ],
 "IncludePath" : [

 ],
 "LoopLimit" : 2000,
 "ResultFile" : "C:/Users/chunxiang/Desktop/V1.9.8.01/Gowin_FOC_Current_Loop_Control_TDM/Gowin_FOC_Current_Loop_Control_TDM_RefDesign/project/foc_current_loop_control/impl/temp/rtl_parser.result",
 "Top" : "top",
 "VerilogStd" : "verilog_2001",
 "VhdlStd" : "vhdl_93"
}